Item Code,Item Name,Item Group,Quantity
10.08-4140,,,100
10-52100-ANN,,,
10.5-4140,,,
10.60-4140-APPD,,,
10.62-15B25-PPD,,,
10.68-4140,,,
10.7-4140-APPD,,,
10.8-15b25,,,
10.85-10B21-APPD,,,
10.85-15B25-APPD,,,
10.85-4140-DAPPD,,,
10.9-4140-DAPPD,,,
1100001,FG-C-A-B,Choclate-Items,
11122,AABBCC,RM-0,
11.22-15b41-DAPPD,,,
11.30-1010-PPD,,,
11-52100-ANN,,,
11.62-15B25-PPD,,,
11.65-15b25-APPD,,,
11.7-10B35-APPD,,,
11.73-4140-DAPPD,,,
11.75-10B35-APPD,,,
11.75-15B25-APPD,,,
11.75-15B25-PPD,,,
120nF1%,Capacitor,components,
123,,,
12345678,,,
12.50-1541-APPD,,,
12.50-4140-APPD,Internal_Combustion_Piston_Engines,FG-SYS-wire,
13.30-1010-PPD,,,
13.30-10B21-APPD,,,
13-52100-ANN,,,
13.6-4140-APPD,,,
13.7-15b41-APPD,,,
13.75-15B41-APPD,,,
13.75-4140-APPD,,,
14.2-10B35-DAPPD,,,
14.42-4140-APPD,,,
14.42-4140-DAPPD,,,
14.42-4140-DSAPPD,,,
15.2-4140-H478927494,Alluminium_alloy,RM-SYS-wire,
15.30-1010-PPD,,,
15.4-10B35-APPD,,,
15.4-15b41-APPD,,,
15.65-1541-APPD,,,
15.65-15B41-APPD,,,
15.68-4140-APPD,,,
15.70.75-15B25-PPD,,,
15.7-15b41-APPD,,,
15.75-15B25-APPD,,,
15.75-4140-APPD,,,
15.75-4140-PPD,,,
16.15-1541-DAPPD,,,
16.30-1010-PPD,,,
16.65-15B25-APPD,,,
16.65-15B25-PPD,,,
17.10-10B21-APPD,,,
17.30-1010-PPD,,,
17.5mm10b35,,,
17.65-15B41-APPD,,,
17.75-4140-APPD,,,
17.8-10b21-APPD,,,
17.8-15B25-APPD,,,
17.90-1010-PPD,,,
17.90-10B21-APPD,,,
18.5-52100-ANN,,,
19.65-15B41-APPD,,,
19.7-15B25-PPD,,,
19.75-4140-APPD,,,
19.90-10b21-APPD,,,
19.9-1010-PPD,,,
1BB,Body,Bottle,
1BC,Cap,Bottle,
22.3-52100-ANN,,,
22.60-4140-DAPPD,,,
22.90-1010-PPD,,,
22.90-10B21-APPD,,,
23.15-10B35-PPD,,,
24.24.6-1018-PPD,,,
24.60-1018-PPD,,,
3.36-4140-DSAPPD,,,
4.33-4140-DSAPPD,,,
4.40-15B25-PPD,,,
5.18.21-10B21-PPD,,,
5.26-15B25-PPD,,,
5.5-52100-ANN,,,
5.8-10b21-PPD,,,
5.83-10B21-APPD,,,
5.83-10B21-PPD,,,
5.85-10B35-PPD,,,
6.7-4140-APPD,,,
7.08-10B35-PPD,,,
7.26-15B25-PPD,,,
7.3-4140-DAPPD,,,
7-52100-ANN,,,
7.6-15B25-PPD,,,
7.65-15B25-PPD,,,
7.7-15B25-APPD,,,
7.73-15B25-DAPPD,,,
7.73-4140-DAPPD,,,
7.75-10B35-PPD,,,
7.75-1541-APPD,,,
7.80-10B21-APPD,,,
7.80-10B21-PPD,,,
7.80-1541-APPD,,,
7.80-15B25-APPD,,,
7.80-15B25-PPD,,,
7.80-4140-APPD,,,
7.8-15B25-PPD,,,
789988,,Bottle,
8.30-1541-APPD,,,
8.30-15B25-APPD,,,
8.45-15B25-PPD,,,
8-52100-ANN,,,
8686-90,68,Capa,
8.80-15B25-PPD,,,
8.80-4140-DAPPD,,,
8.82-15B25-PPD,,,
8.86-15B25-PPD,,,
9.-10B21-PPD,,,
9.30-1010-PPD,,,
9.42-15B25-PPD,,,
9.62-15B25-PPD,,,
9.70.75-10B21-PPD,,,
9.73-4140-DAPPD,,,
9.75-10B35-PPD,,,
9.75-4140-APPD,,,
9765- 4ST-500,capacitor,Capa,
9.80-10B21-PPD,,,
9.80-10B35-PPD,,,
9.80-1541-APPD,,,
9.80-15B25-APPD,,,
9.80-15B25-PPD,,,
9.80-4135-APPD,,,
9.8-10B35-PPD,,,
9.8-1541-APPD,,,
9.85-1541-APPD,,,
AB1,AB1,Capacitor,
AB2,AB1,Capacitor,
Almond-dark,,Choclate-Items,
Alphox,,RM-1,
AM-Aug,Motor_Lorries,Bagpack,
Am_testing1,Titanium,Compounds,
Bagpack1,,Bagpack,
BOTTLE,FG_Bottles,FG-ItemGroups,
C00001,C145/10ohm,Capacitor,
C2363-23-SHELL-89 TO 91-(N-24A 25A 25F)-,C2363-23-SHELL-89 TO 91-(N-24A 25A 25F)--PRE PINCHINIG BOTH SIDE,Capa,
CAP,Steel_Alloy,RM-ItemGroups,
CAP-6.4F SLOTED,Black Cap Slotted,RM,
Car_part_100,Top,Car Parts,
Car_part_101,Bottom,Car Parts,
CB400KV,,Test Item Group,
CB-400KV-A,,Test Item Group,
CB800KV,,Test Item Group,
CB-800KV-A,,Test Item Group,
clenza,clenza1,oneitem,
CM1023,SPEAKER CABLE twin flex (100M) Red/ Black 0.5mm ripcord,Test Item Group,
comany test,,,
Compound1,Lightweight_Alluminium,Compounds,
Compound2,Fibre_Glass,Compounds,
Compound3,Glass_Cars_Mirrors,Compounds,
Compound4,Lead,Compounds,
Compound5,Copper,Compounds,
COT TUBE-10MM,,RM-SYS-wire,
CPLR-2.2 F SLOTED,,RM,
Dolomite Powder (500 Mesh),,RM-1,
DPB-5 PLM SOCKET-PLM001,,,
EC_18,Switch On/Off,,
ECT-1,,Test Item Group,
ECT-1-CFixing,,Test Item Group,
ECT-1-Cutting,,Test Item Group,
ECT-1-HVTesting,,Test Item Group,
ECT-1-LTesting,,Test Item Group,
ECT-1-LWinding,,Test Item Group,
ECT-1-RTesting,,Test Item Group,
ECT-1-SaturationTesting,,Test Item Group,
ECT-1-Soldering,,Test Item Group,
ECT-1-Tapping,,Test Item Group,
ECT-1-Testing,,Test Item Group,
ECT-1-Winding,,Test Item Group,
ELECTRIC-SWITCH-6622,,Test Item Group,
ELECTRIC-SWITCH-7654,,Test Item Group,
EMULSION,,RM-1,
FAN,Colling Fans,Test Item Group,
FAN-CAP-1087,,Test Item Group,
FAN-CAP-2341,,Test Item Group,
FG1_01,FG1_01,FG-ItemGroups,
FG Item-3,Sample Item Finish Good 3,FG-ItemGroups,
FG_SYS_555,,FG-SYS-wire,
Filmer,,RM-1,
Fragrance_1,,Test Item Group,
Fragrance_2,,Test Item Group,
General test sku,,,
GV_001,Grand Vitara Body Shell,Car Parts,
GV_002,Grand Vitara Bonnet,Car Parts,
GV_003,Grand Vitara Bumper Grill,Car Parts,
GV_004,Grand Vitara Wind Shield,Car Parts,
GV_006,Grand Vitara Headlights (L+R),Car Parts,
GV_008,Grand Vitara Tail Lights (L+R),Car Parts,
GV_009,Grand Vitara Wheels (All Four),Car Parts,
HARD-PVC,WIP Hard PVC,Test Item Group,
HELLO-TEST-TAG,,,
Item 1,,Test Item Group,
Item 10,,Test Item Group,
Item 11,,Test Item Group,
Item 12,,Test Item Group,
Item 13,,Test Item Group,
Item 14,,Test Item Group,
Item 15,,Test Item Group,
Item 16,,Test Item Group,
Item16122023,Item16122023,Bagpack,
Item 17,,Test Item Group,
Item 18,,Test Item Group,
Item 19,,Test Item Group,
Item 2,,Test Item Group,
Item 20,,Test Item Group,
Item 3,,Test Item Group,
Item 4,,Test Item Group,
Item 5,,Test Item Group,
Item 6,,Test Item Group,
Item 7,,Test Item Group,
Item 8,,Test Item Group,
Item890,,Test Item Group,
Item 9,,Test Item Group,
ItemFG-1,Sample Finished Goods Item,FG-ItemGroups,
ItemFG-1-Copy,This is copy of ItemFG-1,FG-ItemGroups,
ItemFG-2,Piston_Engines,FG-ItemGroups,
Item FG-2.0,,FG-ItemGroups,
ItemFT,,,
ItemWIP-1,Sample Work In Progress 1,WIP-ItemGroups,
ItemWIP-2,Steering parts,WIP-ItemGroups,
ItemWIP-3,Fan Belts,WIP-ItemGroups,
ItemWIP-4,Suspension_Parts,WIP-ItemGroups,
ItemWIP-5,Sheet metal parts,WIP-ItemGroups,
ItemWIP-6,Cutting part,WIP-ItemGroups,
ItemWIP-7,Grinding part,WIP-ItemGroups,
LinearFG01,,FG-ItemGroups,
LinearWIP01,WIP2,WIP-ItemGroups,
LinearWIP02,,WIP-ItemGroups,
LinearWIP03,,WIP-ItemGroups,
MCB10AMP,,Test Item Group,
MCB-10AMP-A,,Test Item Group,
MCB20AMP,,Test Item Group,
MCB-20AMP-A,,Test Item Group,
MEDIA00001,WHITE-110MM-PLAIN,Media,
MEDIA00002,BLACK-110MM-PLAIN,Media,
Metal Shavings,,Test Item Group,
MRP Testing,,Bagpack,
New Bag Pack item15092023,New Bag Pack item,Bagpack,
New Item Fetch,,Test Item Group,
NEWS_SD_B,,Bagpack,
New_Test_SD,,Bottle,
O' Carb,,RM-1,
pcsfgtestitem,,Bagpack,
Perfume1,,Test Item Group,
pickling11,,Bagpack,
pickling-item,,Bagpack,
pista-white,,Choclate-Items,
Plastic,,Test Item Group,
PlasticTong,Plastic Tong,FG-ItemGroups,
PLST1314,,,
PLST1325,,,
PLST1331,,,
PLST1742,,,
PLST1799,,,
PLST1932,,,
PLST3421,,,
PLST5472,,,
PLST6328,,,
PLST8647,,,
PVC,WIP Pvc for floor mat,Test Item Group,
R0001,Res/10ohm/yoge,components,
Random test item,,,
RCCB12AMP,,Test Item Group,
RCCB-12AMP-A,,Test Item Group,
RCCB24AMP,,Test Item Group,
RCCB-24AMP-A,,Test Item Group,
res1,resistor,RM,
resin-white,Resin_White,Choclate-Items,
Resistance,RES-4578/1452,oneitem,
resistrance42%,resistance,Choclate-Items,
RM-001,Rotor-25*2/23*2.5,Compounds,
RM_001,Steel,Car Parts RM 1,
RM_002,Polypropylene Plastic,Car Parts RM 1,
RM_003,Car Fibre,Car Parts RM 1,
RM_012,Paint,Car Parts RM 1,
RM1,,,
RM-3,Plastics_Airbags,RM-ItemGroups,
RM-6,Board Tape(white),RM-ItemGroups,
RMItem-1,Polyvinyl compund,RM-ItemGroups,
RMItem-2,Ethanol,RM-ItemGroups,
RMItem-3,Soaking Paper GSM2.3,RM-ItemGroups,
RMItem-4,Steel_chasis,RM-ItemGroups,
RMItem-5,Rubber_seal,RM-ItemGroups,
RMItem-6,SA-105 Carbon sheet,RM-ItemGroups,
RMItem-7,Metal,RM-ItemGroups,
RUBBER,,Test Item Group,
Scrap Item-1,,,
Scrap Item-2,,,
SCRAP-TEST-ITEM,,Test Item Group,
SHAMPOO,,Test Item Group,
SHAMPOO-BOTTLE-1289,,Test Item Group,
SHAMPOO-BOTTLE-2140,,Test Item Group,
shampoo-switch,,Test Item Group,
shampoo-switch-v2,,Test Item Group,
Shengenben_Item1,,RM-ItemGroups,
Shengenben_Item2,,RM-ItemGroups,
Shen_Item123,,RM-ItemGroups,
Shindengen121,,RM-ItemGroups,
SKU1-P1,,Test Item Group,
SKU1-P1-P2,,Test Item Group,
SKU1-P1-P2-P3,Bags,Test Item Group,
SLEEVE-10MM,,RM-SYS-wire,
SMD01,good one,test,
SMF/Large/Red/14.42,,Compounds,
SMF/Small/Green/12.50,,Compounds,
SMF/Small/Green/14.42,capacitor,Compounds,
SMF/Small/Green/14.42-1,,Compounds,
SMF/Small/Red/14.42,Resistance,Compounds,
Sodium Hexameta Phospate,,RM-1,
SOFT-PVC,Electrical_Parts,Test Item Group,
Stator - Fan,,Test Item Group,
Stator Fan1,,Test Item Group,
Stator - Grinder,,Test Item Group,
Stator - Mixer,,Test Item Group,
Sub-Assembly,,Test Item Group,
SWITCH,Rocker switch,Test Item Group,
TALC(700 MESH),,RM-1,
test,New-test,Bagpack,
Test01,testing1,test,
Test02,testing2,test,
Test03,testing3,test,
Test04,testing4,test,
Test05,testing5,test,
Test06,testing6,test,
Test07,testing7,test,
Test08,testing8,test,
Test09,testing9,test,
Test10,testing10,test,
Test11,testing11,test,
Test12,testing12,test,
Test13,testing13,test,
Test14,testing14,test,
Test15,testing15,test,
Test16,testing16,test,
Test17,testing17,test,
Test18,testing18,test,
Test19,testing19,test,
Test20,testing20,test,
Test AM,Non_Ferrous_Alloys,Compounds,200
Test-IG2,,Bagpack,
Testing IG,,Bagpack,
Testing-pl,,FG-SYS-wire,
Test-Item-IG,Magnesium,Compounds,
test_rm,test_rm,RM,
TEST-SKU,,Test Item Group,
TEST-SKU-1,Automotive labels,Test Item Group,
test sku10,,,
Test SKU123123123,Braking_Parts,Test Item Group,
Thickener,,RM-1,
TR-3.2 4 POLE,,RM,
UNIS-44,,Bagpack,
W-05MM-BLACK,,RM-SYS-wire,
Water Bottle-RM,Bottles_ForSome_Purpose,RM-ItemGroups,
WIP_004,Toughened Windshield Glass,Car Parts WIP,
WIP_005,Wires,Car Parts WIP,
WIP_006,Alloy Rim,Car Parts WIP,
WIP_007,Rubber Tyre,Car Parts WIP,
WIP_008,Led Bulb White,Car Parts WIP,
WIP_009,Led Bulb Red,Car Parts WIP,
WIP_010,Led Bulb Orange,Car Parts WIP,
WIP_011,Raw Steel Bonnet ,Car Parts WIP,
WIP_013,Raw Front Grill,Car Parts WIP,
WIP_014,Door Glass,Car Parts WIP,
WIP_015,Rear Hood Glass,Car Parts WIP,
WIP_016,Front Bumper Raw,Car Parts WIP,
WIP_017,Rear Bumper Raw,Car Parts WIP,
WIP_018,Headlight Glass Frame,Car Parts WIP,
WIP_020,Rear Light Glass Frame,Car Parts WIP,
WIRING HARNESS,,FG-SYS-wire,
XYZ,xxxx,Bagpack,
